time[s],theta[rad],thetap[rad/s]
0.0,0.00010731083733536012,0.0
0.06006006006006006,-0.008789811664586257,-0.4508023814741391
0.12012012012012012,-0.07603102481703448,-2.0240811493660766
0.18018018018018017,-0.29641897577548093,-5.9316277000318145
0.24024024024024024,-0.8488449426442485,-10.510289478610797
0.3003003003003003,-1.3541157116176952,-7.048749205520873
0.36036036036036034,-1.7486592158305732,-6.251116839405106
0.42042042042042044,-2.1174267808641263,-6.15823392051235
0.4804804804804805,-2.5027906779197955,-6.736730583983641
0.5405405405405406,-2.924615286354907,-7.357421108886894
0.6006006006006006,-3.420955338507162,-9.444029830483789
0.6606606606606606,-3.9250332510686556,-6.07099084703602
0.7207207207207207,-4.178234223963076,-2.8426123316847036
0.7807807807807807,-4.306402775569289,-1.6854536376098266
0.8408408408408409,-4.411007198114099,-2.0701554075455064
0.9009009009009009,-4.6038289907556225,-5.0605905450196635
0.960960960960961,-5.259346706067996,-15.681211928949295
1.021021021021021,-5.784776222783702,-5.575716246654958
1.0810810810810811,-6.075099416321882,-4.554667174841383
1.1411411411411412,-6.377223929354735,-5.908466536629197
1.2012012012012012,-6.832510144577821,-9.258641157975822
1.2612612612612613,-7.373914115576497,-8.307986451778238
1.3213213213213213,-7.849803895792553,-7.621431473141118
1.3813813813813813,-8.28152175722656,-6.7206544376908575
1.4414414414414414,-8.6704875920816,-6.402767731733293
1.5015015015015014,-9.069136073620273,-7.065945593599658
1.5615615615615615,-9.577142814343336,-10.75045979801343
1.6216216216216217,-10.15755447002599,-6.033987762693055
1.6816816816816818,-10.37441702540539,-1.8743088076530903
1.7417417417417418,-10.429898884515032,-0.20669560147529453
1.8018018018018018,-10.419653163178557,0.4166333463923342
1.8618618618618619,-10.392983791467769,0.37529585252722464
1.921921921921922,-10.385466051277783,-0.2153227411128728
1.981981981981982,-10.430468154072665,-1.3935372171011031
2.042042042042042,-10.567714339912326,-3.363350045840042
2.1021021021021022,-10.86251596667698,-6.501902148407602
2.1621621621621623,-11.297170049678494,-7.252686510795115
2.2222222222222223,-11.707365047385581,-6.606928111558568
2.2822822822822824,-12.09924303428123,-6.2274178263621796
2.3423423423423424,-12.42550224504637,-4.5065019845778105
2.4024024024024024,-12.647472987378045,-3.0127945560523006
2.4624624624624625,-12.804950847664532,-2.387029626132983
2.5225225225225225,-12.954749304342345,-2.830029437625962
2.5825825825825826,-13.189478370678334,-5.69308957368472
2.6426426426426426,-13.87104599669223,-13.627968841268586
2.7027027027027026,-14.238543648562592,-2.116108114329401
2.7627627627627627,-14.25367468058705,1.2861852562176397
2.8228228228228227,-14.095933744970395,4.030215208900147
2.8828828828828827,-13.74293770259036,8.179393268919675
2.942942942942943,-13.099257351280839,11.535079320012098
3.003003003003003,-12.513182743032,8.590332923429893
3.063063063063063,-12.001316992675996,8.69015936515645
3.123123123123123,-11.468711137014157,8.944641329883268
3.183183183183183,-10.937399724003246,8.63885607341232
3.2432432432432434,-10.425202175545186,8.732372468754654
3.3033033033033035,-9.82282954323783,11.468372009371683
3.3633633633633635,-9.23214036154188,7.349211261794679
3.4234234234234235,-8.902768185607155,3.96330114106952
3.4834834834834836,-8.733054098483667,1.788558784138416
3.5435435435435436,-8.689680027729528,-0.46879879023478477
3.6036036036036037,-8.83072662243412,-5.012932721415437
3.6636636636636637,-9.508895662167488,-12.509826082078147
3.7237237237237237,-9.951073093053884,-4.857451075210316
3.7837837837837838,-10.198963759654939,-3.77942823011473
3.843843843843844,-10.43816503787535,-4.424360716926364
3.903903903903904,-10.759573693526999,-6.466086702060047
3.963963963963964,-11.202981667188814,-7.751940695312758
4.024024024024024,-11.653119292868823,-7.374468204015841
4.084084084084084,-12.098604372630986,-7.191199429027323
4.1441441441441444,-12.47356444169193,-5.225281493709373
4.2042042042042045,-12.745872725602608,-4.0513429060924295
4.2642642642642645,-12.986478950977066,-4.203712826502793
4.324324324324325,-13.296323747760745,-6.847722792060561
4.384384384384385,-13.986801388116005,-11.295885837500123
4.444444444444445,-14.272700019417073,-0.7021000878112919
4.504504504504505,-14.158604426154678,4.522544123192653
4.564564564564565,-13.631978167736447,15.449655365964341
4.624624624624625,-12.793094002609008,9.427462982143178
4.684684684684685,-12.306509052091897,7.531268973087159
4.744744744744745,-11.836957181503834,8.3859244238003
4.804804804804805,-11.270987767088517,10.464967286223947
4.864864864864865,-10.655306523538945,9.600804362853918
4.924924924924925,-10.08873841289162,9.660192624459842
4.984984984984985,-9.500238999638977,9.481033799052708
5.045045045045045,-8.966163553143678,8.387322548755337
5.105105105105105,-8.476872306809652,8.181456753366025
5.165165165165165,-7.903917796548638,12.23183140750882
5.225225225225225,-7.137310163384558,8.61007226640682
5.285285285285285,-6.838484121125965,2.0006262094122595
5.345345345345345,-6.90482178468304,-5.126404163427801
5.405405405405405,-7.595694077474169,-8.531246069659591
5.465465465465465,-7.8172217985300065,-0.683178515835217
5.525525525525525,-7.75042603086849,2.749704041170534
5.585585585585585,-7.483188042697584,6.332818759397221
5.645645645645645,-6.971695104871414,10.15403017353506
5.7057057057057055,-6.425472190353893,7.849281551139056
5.7657657657657655,-5.978207031631828,7.428021124424278
5.8258258258258255,-5.518633458368878,7.726374124083803
5.885885885885886,-5.075194136574277,6.941781402603662
5.945945945945946,-4.686718060795596,6.031837675463887
6.006006006006006,-4.3356642419390745,5.891874882822176
6.066066066066066,-3.9290327741034394,8.39230664722753
6.126126126126126,-3.17944493244873,13.660746911368516
6.186186186186186,-2.7630542248487684,1.7160937503892812
6.246246246246246,-3.022023311362452,-13.88197244536739
6.306306306306306,-3.514830673526004,-0.5332158528977029
6.366366366366366,-3.2476293043329125,10.197356124738327
6.426426426426427,-2.4691210390082152,9.489613552924517
6.486486486486487,-2.0465279808603265,5.608542625130993
6.546546546546547,-1.7302012392863748,5.203136883479746
6.606606606606607,-1.401817498496101,5.801644858229034
6.666666666666667,-1.0327515527347062,6.443153454027403
6.726726726726727,-0.642235367742091,6.439876496250358
6.786786786786787,-0.2709545295427048,5.932285053467841
6.846846846846847,0.09588797066101465,6.660625072517963
6.906906906906907,0.599876841914452,10.637891572095825
6.966966966966967,1.1514626956443434,5.590555351253165
7.027027027027027,1.252274708197783,-2.625428799600385
7.087087087087087,0.7206315676454543,-7.94849463458444
7.147147147147147,0.8133455911922235,11.204697942512949
7.207207207207207,1.5291952178654558,3.806779200803028
7.267267267267267,1.3135310891044443,-11.493236841297227
7.327327327327327,0.8631410488459778,-2.921996181414323
7.387387387387387,0.82592623595567,1.2127088193347553
7.4474474474474475,0.9832135658743503,3.9286077545039353
7.5075075075075075,1.2864452599358673,5.946168384220181
7.5675675675675675,1.648547385375596,5.7352691491078405
7.627627627627628,1.9667996463719986,5.00812417940467
7.687687687687688,2.28041703681135,5.763153529464274
7.747747747747748,2.700179669884112,8.24168819481637
7.807807807807808,3.1392475135978244,5.071505177418525
7.867867867867868,3.257142147317971,-1.512721950105138
7.927927927927928,2.8478194926387315,-9.571985394117021
7.987987987987988,2.8323305594365973,9.630966809171984
8.048048048048049,3.4460528775887806,0.5116232989431566
8.108108108108109,2.997369840036967,-4.0613567115194265
8.168168168168169,3.2722009458748054,12.633675137743683
8.228228228228229,3.834385364018298,4.593579633665903
8.288288288288289,3.938630561353479,-0.6436001265631238
8.348348348348349,3.7811693170010496,-4.439672002138846
8.408408408408409,3.458445555489586,-5.631192620592353
8.468468468468469,3.143086161321884,-4.944667892145607
8.528528528528529,2.8433535801411014,-5.147145911901026
8.588588588588589,2.5415448500080067,-4.470332952744002
8.64864864864865,2.356720648527579,-1.4519249199811843
8.70870870870871,2.388132845646876,2.782957147708404
8.76876876876877,2.7743544211592317,11.154336422443436
8.82882882882883,3.26392960717436,1.1163634607566597
8.88888888888889,2.8694906923116603,-5.579439968325543
8.94894894894895,3.265917640166925,14.074209325536536
9.00900900900901,3.3631301328660204,-9.878119683041623
9.06906906906907,3.052395646897771,2.1141098771485884
9.12912912912913,3.5040188484142663,10.409709122292371
9.18918918918919,3.934654808571375,4.343589060544217
9.24924924924925,4.10214271514649,1.6203372821308883
9.30930930930931,4.157086511556369,0.3692160465847125
9.36936936936937,4.161482427096809,-0.11767429935414336
9.42942942942943,4.154428480971526,-0.025364618145676657
9.48948948948949,4.169817267882133,0.6401334764048185
9.54954954954955,4.246737664887571,2.0941634334240256
9.60960960960961,4.455073728974438,5.340237963978088
9.66966966966967,5.002234543391838,12.96498062306186
9.72972972972973,5.4209303679404695,0.08533103409170817
9.78978978978979,4.961121433730601,-6.967781175811525
9.84984984984985,5.228603576311429,16.360082292664657
9.90990990990991,5.698480595637237,-1.4611173908901005
9.96996996996997,5.225235763640848,-6.92593734397831
10.03003003003003,5.092970573402027,1.2266864495745553
10.09009009009009,5.316523796424283,6.071616956450178
10.15015015015015,5.75860481075331,7.481302411815494
10.21021021021021,6.144609144946422,5.534959260762361
10.27027027027027,6.460144543412994,5.273170931735557
10.33033033033033,6.805633686381544,6.293560574657363
10.39039039039039,7.181095626265174,5.676746519952619
10.45045045045045,7.440546006454857,2.7985551229179504
10.51051051051051,7.500829658417135,-1.0599824891213618
10.57057057057057,7.222888502397522,-9.674344273514535
10.63063063063063,6.836070670233933,0.8900153944563405
10.69069069069069,7.418625120395748,14.180488179048048
10.75075075075075,7.561217712220669,-9.175289611698116
10.81081081081081,7.134921389392005,1.0863334485677503
10.87087087087087,7.617696391853939,13.142351653950938
10.93093093093093,8.126504571908956,4.704728129297736
10.99099099099099,8.29790781435676,1.4280685801410582
11.05105105105105,8.326712952627155,-0.3273316649574436
11.11111111111111,8.270314381895975,-1.4772672318588962
11.17117117117117,8.156478369329001,-2.2627082200015183
11.23123123123123,8.003357619046184,-2.8086991857937567
11.29129129129129,7.8191434398740665,-3.369695705245652
11.35135135135135,7.583550620458156,-4.738144306153251
11.411411411411411,7.177216985590003,-9.808950258807492
11.471471471471471,6.694787920019265,-3.2251542553100006
11.531531531531531,6.763897756947533,5.759056605638085
11.591591591591591,7.539162779928402,12.383669623911409
11.651651651651651,7.766659456850224,-3.429746552799214
11.711711711711711,7.175361464986044,-6.933725309449423
11.771771771771771,7.046492225479733,1.227135020326529
11.831831831831831,7.276861571615961,6.5258371470826955
11.891891891891891,7.80869146661526,9.655686614806427
11.951951951951951,8.293877520495691,6.815937550203712
12.012012012012011,8.683843898632507,6.468539898942545
12.072072072072071,9.079634983636458,6.642782764549462
12.132132132132131,9.461208258595864,5.901169788101869
12.192192192192191,9.780896523587458,4.738512216293724
12.252252252252251,10.034088752233679,3.754290364442007
12.312312312312311,10.244870777007009,3.4152917193252543
12.372372372372372,10.465747046698104,4.175548446359042
12.432432432432432,10.790594004182418,7.284931054976008
12.492492492492492,11.577393800306456,20.116687549702537
12.552552552552552,12.229440873088038,5.884802223942096
12.612612612612612,12.459282540576627,2.2107680852129064
12.672672672672672,12.518510274234991,-0.19257008678184107
12.732732732732732,12.430008581627705,-2.895907032385179
12.792792792792792,12.144139231685559,-6.746986004757693
12.852852852852854,11.689946103908474,-7.436146854549709
12.912912912912914,11.282199385085626,-6.389810917412846
12.972972972972974,10.909621209107582,-5.8872954104533175
13.033033033033034,10.594645971218082,-4.529213370750257
13.093093093093094,10.358827168247453,-3.432991834988968
13.153153153153154,10.166837184333744,-3.1031515192470267
13.213213213213214,9.963994077546698,-3.9097102454762114
13.273273273273274,9.634887921725035,-8.279162025459081
13.333333333333334,8.931270411559957,-7.087992256917521
13.393393393393394,8.783048905591075,0.8449609672008789
13.453453453453454,9.001437436275634,6.815037898643564
13.513513513513514,9.795905954815094,16.429062120476537
13.573573573573574,10.46405125411914,8.58122642298865
13.633633633633634,10.958686765861774,8.354921678733367
13.693693693693694,11.514758445255058,10.566689257563755
13.753753753753754,12.1698562566837,10.303466654909277
13.813813813813814,12.74343682296671,9.21845361043282
13.873873873873874,13.317207619049269,9.784953496289505
13.933933933933934,13.88096439156,8.913720655083525
13.993993993993994,14.394421650905777,8.314040521973492
14.054054054054054,14.92446768093677,10.143155307779026
14.114114114114114,15.633240890193402,9.684843802149068
14.174174174174174,15.900508229510601,-0.7375807997886796
14.234234234234235,15.434114309499336,-9.140313774069025
14.294294294294295,15.538643740147405,13.386988759464217
14.354354354354355,16.048508774983123,-2.8231647422421773
14.414414414414415,15.632470721940333,-1.7808180220785572
14.474474474474475,15.901897615476807,9.817138509267515
14.534534534534535,16.410165044430563,5.507033405906373
14.594594594594595,16.620023585000123,1.9714912208267137
14.654654654654655,16.683616490552048,0.3441495927782978
14.714714714714715,16.677105783025986,-0.45724841030788266
14.774774774774775,16.639232975853492,-0.7279226327295633
14.834834834834835,16.597171927184586,-0.6215024212780792
14.894894894894895,16.569343891364994,-0.2767017388035929
14.954954954954955,16.5661162437987,0.1791987799371092
15.015015015015015,16.591111001615257,0.6508245895893521
15.075075075075075,16.64334756801556,1.0782510340365417
15.135135135135135,16.71943066025655,1.445843193305555
15.195195195195195,16.816745287938566,1.8025934070800802
15.255255255255255,16.938560616483002,2.2919059972258378
15.315315315315315,17.099877009827114,3.1743659472435484
15.375375375375375,17.334687082873828,4.800020662248848
15.435435435435435,17.70183699666902,7.695238021881117
15.495495495495495,18.268419071579356,10.23843982948278
15.555555555555555,18.813310851386706,8.117285013827923
15.615615615615615,19.299213303696042,8.346467871499089
15.675675675675675,19.806624422049115,8.281390249059788
15.735735735735735,20.278564072736444,7.418100265767352
15.795795795795796,20.70334889942846,6.885974372325439
15.855855855855856,21.149072830193386,8.610623701716605
15.915915915915916,21.86064170274279,13.601927448166151
15.975975975975976,22.338157704239354,3.344001871824816
16.036036036036037,22.294420921158352,-5.924590218074708
16.096096096096097,21.642156844362866,-5.222580804128006
16.156156156156158,21.65240696047175,4.7585322214647645
16.216216216216218,22.30059965484115,15.468937249926135
16.276276276276278,22.91992650936034,7.121543866759549
16.336336336336338,23.2914859902535,5.734970192359436
16.396396396396398,23.644530519623345,6.188085673561779
16.456456456456458,24.043350724936488,7.093326086310034
16.516516516516518,24.489531541583116,7.5692639124596095
16.576576576576578,24.92750890875198,6.998322905484683
16.636636636636638,25.361592583172307,7.877449284632054
16.696696696696698,25.908831582923582,9.66105973340499
16.756756756756758,26.3554886848587,4.9398471753509785
16.816816816816818,26.518622287277104,0.47423693802915245
16.876876876876878,26.35668917334004,-7.371605675077099
16.936936936936938,25.73737032745982,-3.893664549357715
16.996996996996998,25.875031233904526,8.788680767638224
17.057057057057058,26.71651768428989,9.361259862364445
17.117117117117118,27.029840261416822,2.3801136516957953
17.177177177177178,27.053320265356064,-1.5250862515750592
17.237237237237238,26.833967051304757,-5.9208510166727475
17.2972972972973,26.39837213622107,-7.309291870126623
17.35735735735736,26.01266794900285,-5.808394291843627
17.41741741741742,25.67648667784454,-5.381087065938302
17.47747747747748,25.382770736741886,-4.242835794952126
17.53753753753754,25.174292695354794,-2.707054681336332
17.5975975975976,25.052133494567865,-1.4252771100114106
17.65765765765766,24.99697045178282,-0.46518276471656206
17.71771771771772,24.9899604399486,0.17621269627943764
17.77777777777778,25.010821471050257,0.44796699805795714
17.83783783783784,25.033894584474957,0.21873836901341306
17.8978978978979,25.021321565996207,-0.8124250142956064
17.95795795795796,24.90422951097475,-3.517631751067121
18.01801801801802,24.48069342617223,-12.476693396740538
18.07807807807808,23.84291382860609,-7.442360564602944
18.13813813813814,23.462859529231444,-5.688256304126743
18.1981981981982,23.1294528003913,-5.646284726337089
18.25825825825826,22.760680500864822,-6.763785820357993
18.31831831831832,22.324948010890388,-7.534762302421178
18.37837837837838,21.86126115987737,-8.086796149837618
18.43843843843844,21.359917072345937,-7.970012450266888
18.4984984984985,20.97596263132281,-4.9274969952054395
18.55855855855856,20.721561132900003,-3.8448046960590476
18.61861861861862,20.477826363548463,-4.66055615982123
18.67867867867868,20.062585175761846,-11.446715135810209
18.73873873873874,19.35283981124373,-5.3369918482965355
18.7987987987988,19.208096766581047,-0.3537970754662987
18.85885885885886,19.26720399929353,2.2072967666985837
18.91891891891892,19.47605625616018,4.89225516978909
18.97897897897898,19.892467057772482,9.496914431915584
19.03903903903904,20.554333125524327,10.493344726953557
19.0990990990991,21.10050601972317,8.37696592872161
19.15915915915916,21.610270626632765,8.70848489444261
19.21921921921922,22.138139001976363,8.769555733651748
19.27927927927928,22.653032805783553,8.330674332139164
19.33933933933934,23.159424106475914,9.083206161410635
19.3993993993994,23.7518539648462,9.491588864761509
19.45945945945946,24.148530592054264,2.9814563072162956
19.51951951951952,24.047122019638657,-7.7242786808635415
19.57957957957958,23.68100641063075,2.2272969872190416
19.63963963963964,24.299294181543623,7.236684368162156
19.6996996996997,24.034166586274903,-9.039457106506426
19.75975975975976,24.1340906033251,11.186100226365586
19.81981981981982,24.715322992596057,4.37374558384481
19.87987987987988,24.752974768224586,-2.665617367707921
19.93993993993994,24.443698720599922,-6.524345822455589
20.0,24.10415742375744,-4.646295901825635
20.06006006006006,23.857417807105012,-3.7954661088629
20.12012012012012,23.6393448674392,-3.4289878052105194
20.18018018018018,23.461266873499707,-2.2914549741701773
20.24024024024024,23.394589750856625,0.3358931525315898
20.3003003003003,23.53891621659176,4.860513162146855
20.36036036036036,23.937355127851575,5.830760597582797
20.42042042042042,23.94542352356529,-6.131166245701344
20.48048048048048,23.887883007726415,9.01979515977683
20.54054054054054,24.119960626633677,-7.384396130351906
20.6006006006006,24.205774026509015,10.709579547465
20.66066066066066,24.29856908535246,-6.406928766030228
20.72072072072072,24.188441021041385,3.8241723982279323
20.78078078078078,24.56253626390372,5.860696912028199
20.84084084084084,24.77058221299939,1.3504115827370033
20.9009009009009,24.76276298298997,-1.3575270197759803
20.96096096096096,24.632975552266448,-2.7666975461419
21.02102102102102,24.44956344783767,-3.2551579364464676
21.08108108108108,24.239955302683093,-3.8523005679355657
21.14114114114114,23.956694880084665,-5.945737724767034
21.2012012012012,23.55185142685152,-5.749175020801353
21.26126126126126,23.420627308958576,1.6128117507444135
21.32132132132132,23.839453608459458,13.677011775378762
21.38138138138138,24.26025545231794,-2.610209463868231
21.44144144144144,23.820755185112084,0.17109121599354182
21.5015015015015,24.416594551369,9.688939132956506
21.56156156156156,24.44272460890927,-8.021952527767363
21.62162162162162,24.00791972269573,-2.8213643340222263
21.68168168168168,24.021391584599982,2.734527451518748
21.74174174174174,24.305065840690848,6.385895990161395
21.8018018018018,24.703116258665982,6.1827498273904835
21.86186186186186,25.027736351669244,4.815136483615336
21.92192192192192,25.315014173078104,5.036689670239477
21.98198198198198,25.661886530825168,6.588542618021859
22.04204204204204,26.05084719396716,5.518313111392363
22.1021021021021,26.25730383445444,1.0924077218365047
22.16216216216216,26.12529270045505,-6.542394648140824
22.22222222222222,25.718322188835476,-0.7700224151149648
22.28228228228228,26.212318304265906,13.030326527680941
22.34234234234234,26.2283267393,-11.942476864267626
22.4024024024024,26.127237348941904,9.79064218012152
22.46246246246246,26.717538962139542,3.2200914748422105
22.52252252252252,26.561643378968938,-7.592983013839053
22.58258258258258,26.17467681454829,-3.9180687778870387
22.64264264264264,26.041037695199666,-0.9699737866652063
22.7027027027027,26.02662098862613,0.32210954614351817
22.762762762762762,26.062111115089156,0.7260498880905024
22.822822822822822,26.098620684201094,0.35142952437285974
22.882882882882882,26.08496031494406,-0.9995097353258967
22.942942942942942,25.951132382167437,-3.6294736116066346
23.003003003003002,25.710476514105224,-2.734195395576529
23.063063063063062,25.81212320792224,7.766114574117619
23.123123123123122,26.18742592317993,-0.8801826212109791
23.183183183183182,25.953994607270488,3.845312157338923
23.243243243243242,26.350716822630925,-3.1132972483532475
23.303303303303302,26.190718872569626,6.8696614154760995
23.363363363363362,26.60424457656282,0.5660898745464809
23.423423423423422,26.363619672249637,-4.5907499146414485
23.483483483483482,26.27701475346435,1.29834581766919
23.543543543543542,26.461414652227365,4.3280655143885
23.603603603603602,26.729172427607708,4.150687975236641
23.663663663663662,26.941462870266598,2.9779076736266816
23.723723723723722,27.102335534491473,2.5352118531409937
23.783783783783782,27.267343520887604,3.174925472757476
23.843843843843842,27.519728545340346,5.672318171299242
23.903903903903903,28.00490271394656,9.75608135066229
23.963963963963963,28.358493823439787,0.9246434649372455
24.024024024024023,28.0218078486376,-9.27625574386318
24.084084084084083,28.121604212044197,13.644885005892638
24.144144144144143,28.511182218280094,-6.020454572065534
24.204204204204203,28.153028396340748,2.7553699283277666
24.264264264264263,28.72172385755611,9.153067503316692
24.324324324324323,28.95738493906898,-0.13691199866642378
24.384384384384383,28.763979923601166,-5.783263528802657
24.444444444444443,28.408217543709704,-5.1164020170046856
24.504504504504503,28.152564070830568,-3.676200807898681
24.564564564564563,27.942749384743593,-3.4104958417949867
24.624624624624623,27.745961008294877,-2.9831437923026907
24.684684684684683,27.61576122106603,-1.048710533730948
24.744744744744743,27.655729964696487,2.721406419955357
24.804804804804803,27.973964680713504,7.258620835401426
24.864864864864863,28.208850624263725,-1.582578534167858
24.924924924924923,27.975801680303782,1.507844722745676
24.984984984984983,28.376986621399773,0.3928696468347135
25.045045045045043,28.220819234383583,6.3932391534326705
25.105105105105103,28.561917952514644,-3.0096053955919153
25.165165165165163,28.342721684313886,1.296202888393919
25.225225225225223,28.667593314423446,6.658245271565127
25.285285285285283,28.91473296321286,1.6319558874211073
25.345345345345343,28.905175576704316,-1.6322889814511603
25.405405405405403,28.754698221391553,-3.0870239125730725
25.465465465465464,28.56047411052282,-3.2879254421256032
25.525525525525524,28.355366654661015,-3.6864285505229404
25.585585585585584,28.090128970008685,-5.465560570480378
25.645645645645647,27.733767547145685,-5.064262205389699
25.705705705705707,27.61227216273112,1.3918754635554955
25.765765765765767,27.987219288780125,11.979425495973732
25.825825825825827,28.387429622970085,-2.3837540502472776
25.885885885885887,28.006856397301025,1.6244621461139706
25.945945945945947,28.592717851696825,5.182496454552168
26.006006006006007,28.3004456743635,-7.73659651446419
26.066066066066067,28.295437821729056,6.2622168353632714
26.126126126126128,28.83348631553952,7.729227222091139
26.186186186186188,29.133556842036462,2.959120891668845
26.246246246246248,29.241363223142613,0.8817544984846823
26.306306306306308,29.26068356525933,-0.10787173530406072
26.366366366366368,29.240541764405062,-0.47384738746550237
26.426426426426428,29.21316270139652,-0.3679486102856092
26.486486486486488,29.204085537917827,0.12759756041360767
26.546546546546548,29.236199439960462,1.0174948590355868
26.606606606606608,29.338739736960893,2.5493211982710315
26.666666666666668,29.5754039887456,5.831691435441744
26.726726726726728,30.217402306198757,18.637513747327024
26.786786786786788,30.84603901582626,3.44955889867778
26.846846846846848,30.73371575517528,-8.90163873675258
26.906906906906908,30.098529749063285,-4.935797741214918
26.966966966966968,29.98332312946436,0.24808902789013754
27.027027027027028,30.090504788555247,3.2299687412916915
27.087087087087088,30.37231982255582,6.203037172079758
27.147147147147148,30.81186324252847,7.835807487255623
27.207207207207208,31.243089556963056,6.478742122482592
27.26726726726727,31.62114375462885,6.451938965568124
27.32732732732733,32.04776831899115,7.625726509242795
27.38738738738739,32.4693121524714,5.870265618802647
27.44744744744745,32.736783732643126,3.0634969564369676
27.50750750750751,32.83615613269613,0.1470731250897419
27.56756756756757,32.714818428353325,-5.0291731349167055
27.62762762762763,32.08903381334261,-8.419416882025514
27.68768768768769,32.02194343070932,4.793498899439867
27.74774774774775,32.786716855759195,14.55868889575445
27.80780780780781,33.246769588603655,3.596758837052284
27.86786786786787,33.322692343872205,-0.8867147983337098
27.92792792792793,33.128781719879555,-5.850977746062885
27.98798798798799,32.66937135877116,-7.962714386890946
28.04804804804805,32.25936628094315,-5.997688519996791
28.10810810810811,31.918688359968332,-5.376515012851696
28.16816816816817,31.620932422121147,-4.476249120106596
28.22822822822823,31.382698240273125,-3.5014228880267915
28.28828828828829,31.191121415086393,-2.974190817251868
28.34834834834835,31.012062351523358,-3.1323220536106415
28.40840840840841,30.78769913263313,-4.718700200785971
28.46846846846847,30.321706197407252,-13.42798261648056
28.52852852852853,29.764736385924476,-2.8390690149848643
28.58858858858859,29.804721108721356,3.9198530776654774
28.64864864864865,30.340068696130263,17.060154771948703
28.70870870870871,31.159073673735424,8.358414168912791
28.76876876876877,31.566288409272193,5.917370910806697
28.82882882882883,31.92128655062799,6.174483200778157
28.88888888888889,32.331294231728386,7.658462453605859
28.94894894894895,32.85138740334829,9.267530629217385
29.00900900900901,33.373546386181964,7.974538178808267
29.06906906906907,33.854513641051305,8.391518947346785
29.12912912912913,34.379769796977584,8.573072992329932
29.18918918918919,34.83246680307496,6.488868719598427
29.24924924924925,35.17574078904839,5.114362613534511
29.30930930930931,35.469952131957584,4.935296601923269
29.36936936936937,35.81023387744261,6.931943538615323
29.42942942942943,36.482865440031425,19.721943641845616
29.48948948948949,37.12640010558595,2.5137896327250964
29.54954954954955,36.85559730204979,-13.798008380982711
29.60960960960961,36.360700136096895,-2.717550536459407
29.66966966966967,36.3462177610623,1.8168710031042243
29.72972972972973,36.561953850411264,5.389230039583531
29.78978978978979,36.98985640774166,8.414637856502445
29.84984984984985,37.4615539060325,6.927511032747178
29.90990990990991,37.84928554126614,6.330106562878807
29.96996996996997,38.253466794393255,7.163627765442273
30.03003003003003,38.67361848074786,6.352014031436845
30.09009009009009,38.989677348108565,4.160711487306976
30.15015015015015,39.17742267515652,2.1106291781942197
30.21021021021021,39.240072571707834,-0.1242168335992957
30.27027027027027,39.12928130726829,-4.196424884951538
30.33033033033033,38.51175863373564,-13.2431006276255
30.39039039039039,38.22859574885464,0.43479398301110483
30.45045045045045,38.480544145785444,8.639650276891164
30.51051051051051,39.309795694932,12.004013363831788
30.57057057057057,39.831673478953576,6.959599322207881
30.63063063063063,40.229318906262094,6.64828210887848
30.69069069069069,40.655148935595015,7.698438389581796
30.75075075075075,41.169498407229675,9.251763493601945
30.81081081081081,41.705738234615175,8.442038430733293
30.87087087087087,42.21482617769616,8.935060603720448
30.93093093093093,42.77226536651491,8.877318575086678
30.99099099099099,43.229715267579444,6.426910875893119
31.05105105105105,43.565647978562325,4.952992438022736
31.11111111111111,43.84877159463723,4.715730170724458
31.17117117117117,44.170834210114926,6.483615729673639
31.23123123123123,44.76560342489891,16.753779771638285
31.29129129129129,45.65183097989608,8.296536202957359
31.35135135135135,46.01226285442162,4.494824248592117
31.41141141141141,46.24262042944703,3.433981407952965
31.47147147147147,46.44858688177926,3.5841421427696396
31.53153153153153,46.689065806953195,4.53101932664492
31.59159159159159,47.00215159624067,5.94654601504234
31.65165165165165,47.40346262195742,7.261080750940257
31.71171171171171,47.83174611737916,6.765294857587513
31.77177177177177,48.22438601197225,6.607515829569975
31.83183183183183,48.67119330810177,8.557907957148533
31.89189189189189,49.172970930332006,6.9162433427152825
31.95195195195195,49.45317093958067,2.462281221890426
32.012012012012015,49.455006699997256,-2.9004311261380185
32.072072072072075,48.93745589000413,-11.405594613564174
32.132132132132135,48.80357535219731,5.332098293607454
32.192192192192195,49.579764192648625,10.374764200037959
32.252252252252255,49.764241112668124,-3.005725615397962
32.312312312312315,49.22906219484974,-8.877005221621546
32.372372372372375,48.92889389828264,-2.5614954261324927
32.432432432432435,48.84590904566009,-0.474819287836217
32.492492492492495,48.85365382231196,0.6344352018071571
32.552552552552555,48.91290783148984,1.266312192963762
32.612612612612615,48.99488641374645,1.3534464892581797
32.672672672672675,49.05942976609436,0.6354927635757356
32.732732732732735,49.05011429844502,-1.1586492325514162
32.792792792792795,48.896712016694465,-3.7076971030806334
32.852852852852855,48.75265553071982,0.6039917865797637
32.912912912912915,49.05230259592191,7.165466076492791
32.972972972972975,49.06852683117678,-5.422225387732262
33.033033033033036,49.26997137081414,7.536094806190133
33.093093093093096,49.184922915164215,-0.15592589229510434
33.153153153153156,49.53113160441186,2.5290714236209304
33.213213213213216,49.36898599978494,-2.7033533869814947
33.273273273273276,49.45355166834133,4.620749871641916
33.333333333333336,49.747137779141084,3.9567497186365026
33.393393393393396,49.89548350400506,1.1477237340548128
33.453453453453456,49.90785924195652,-0.5703583473832003
33.513513513513516,49.841408882561616,-1.5557347470059044
33.573573573573576,49.72876132115724,-2.1731916406451375
33.633633633633636,49.57726036651081,-2.9686051000834457
33.693693693693696,49.346237684265546,-5.143510388282577
33.753753753753756,48.87393894008368,-9.932949663969827
33.813813813813816,48.574860054338046,0.09283435853410316
33.873873873873876,48.912588815968725,13.489539394653184
33.933933933933936,49.5850908883651,2.3446042589024634
33.993993993993996,49.18540878068868,-10.20922986366107
34.054054054054056,49.17714918136205,8.42175733589749
34.114114114114116,49.82620131669955,7.060189438764551
34.174174174174176,50.04345842007991,1.0097387700775418
34.234234234234236,49.990824298509004,-2.6282923981212103
34.294294294294296,49.74536001555002,-5.224339942296463
34.354354354354356,49.420833975549854,-5.25602579100241
34.414414414414416,49.112930961956,-5.181285137543806
34.474474474474476,48.78463458031626,-5.596349310528489
34.53453453453454,48.50037257739797,-3.335085586141478
34.5945945945946,48.41377954889389,0.5808765267713332
34.65465465465466,48.60865781670358,6.681973216129638
34.71471471471472,49.26319347680849,10.170319829273087
34.77477477477478,49.42811582438422,-4.719768881782129
34.83483483483484,48.89192826607885,-1.9061057510238402
34.8948948948949,49.349607801941005,15.758482136819335
34.95495495495496,49.71431659251542,-2.1801501649869754
35.01501501501502,49.28014803261397,-6.669371505324689
35.07507507507508,49.101799266952455,-0.2688231930696672
35.13513513513514,49.188429769737695,2.92291197936757
35.1951951951952,49.431718517226045,4.956408884084049
35.25525525525526,49.7430439646629,5.064794149098374
35.31531531531532,50.02231571709115,4.285473643923456
35.37537537537538,50.278080805003604,4.474132276242216
35.43543543543544,50.5995321365757,6.6893396381326635
35.4954954954955,51.10308267889101,8.684878292146196
35.55555555555556,51.41370762725308,1.1684078862025897
35.61561561561562,51.14496979539371,-10.803903825108499
35.67567567567568,50.98039983309766,7.397868736398899
35.73573573573574,51.603997607989214,1.5926248867504356
35.7957957957958,51.18603396376068,-4.195063686201988
35.85585585585586,51.47206216390374,12.656634378590637
35.91591591591592,51.997959146999456,3.901480512660689
35.97597597597598,52.051154496406056,-1.7356856116103958
36.03603603603604,51.81721285941166,-5.59484181502787
36.0960960960961,51.47319383085457,-5.374422895864721
36.15615615615616,51.18007404990435,-4.445414887787839
36.21621621621622,50.91831342849585,-4.3861886330351085
36.27627627627628,50.678258634085225,-3.235342216233947
36.33633633633634,50.56920223223072,-0.13777956546505976
36.3963963963964,50.69859513380332,4.969118498067018
36.45645645645646,51.18410098533723,8.268812520571723
36.51651651651652,51.259104465641606,-6.993970493426837
36.57657657657658,51.07814425934624,8.05017073735718
36.63663663663664,51.49929234542666,-4.650027572502287
36.6966966966967,51.26739317917064,6.273412421555943
36.75675675675676,51.783273806830444,2.9189135452354646
36.81681681681682,51.59975370736283,-6.745579236780958
36.87687687687688,51.34083802899685,-1.6050858384218119
36.93693693693694,51.354210738337734,1.7086424420099613
36.996996996997,51.51604629697496,3.446050514445326
37.05705705705706,51.738231169125775,3.722783958633489
37.11711711711712,51.945588793388,3.136996465913577
37.17717717717718,52.12055287519235,2.7875711856405236
37.23723723723724,52.2977723657791,3.3117193027492164
37.2972972972973,52.552911385619176,5.652427472842059
37.35735735735736,53.09483695229612,13.698081639805629
37.41741741741742,53.639783119672884,2.5315277409300148
37.47747747747748,53.32263013584512,-14.118215761549775
37.53753753753754,53.16046534180453,7.472476523104509
37.5975975975976,53.89462133609005,6.3792932757659635
37.65765765765766,53.89838246093518,-6.108794515199546
37.71771771771772,53.38755777481731,-5.879764820019557
37.77777777777778,53.18532446515448,-1.617569525270323
37.83783783783784,53.14639662117993,0.11652677530141825
37.8978978978979,53.18314248882,0.996569912810033
37.95795795795796,53.25317645108638,1.2226482054972707
38.01801801801802,53.31398053300747,0.6505950190611471
38.07807807807808,53.311330746538836,-0.9510459322526098
38.13813813813814,53.1710718308278,-3.8800173916524563
38.1981981981982,52.9304922743833,-2.172533550394179
38.25825825825826,53.08737618731755,7.944493460663921
38.31831831831832,53.387938388616746,-3.096656128180242
38.37837837837838,53.26074418505219,8.009865154940329
38.43843843843844,53.504924122008624,-6.777560832046911
38.4984984984985,53.546622812914855,9.585414746606887
38.55855855855856,53.778155533440085,-3.1626451237956132
38.61861861861862,53.5312044706092,-1.754790391102644
38.67867867867868,53.60156365474299,3.5131495182186434
38.73873873873874,53.86820295054826,4.593116456562411
38.7987987987988,54.100514341360544,3.0801953679171588
38.85885885885886,54.24951237323811,2.0252344544656986
38.91891891891892,54.36149932776411,1.8437056556349305
38.97897897897898,54.49050466494133,2.653427595549492
39.03903903903904,54.71317545705222,5.191477398659945
39.0990990990991,55.190543344139655,10.657271599558875
39.15915915915916,55.60504184437593,1.4946864620410896
39.21921921921922,55.26999451197913,-9.9265044959944
39.27927927927928,55.357712974719334,13.734325708314925
39.33933933933934,55.794056846941444,-4.553375614130083
39.3993993993994,55.373292037225276,0.07026486530961051
39.45945945945946,55.809550527159864,11.84351674560121
39.51951951951952,56.25520623155678,3.6483719359377353
39.57957957957958,56.34337069065946,-0.34947269934279857
39.63963963963964,56.23557827169704,-3.113677804325714
39.6996996996997,55.992469631757125,-4.690413941404928
39.75975975975976,55.703999081815624,-4.810607025934388
39.81981981981982,55.4039493477501,-5.394360920120094
39.87987987987988,55.043116886276,-6.195373744188393
39.93993993993994,54.767094129554806,-2.4330926092537712
40.0,54.77344340737146,2.902682574739556
40.06006006006006,55.22015326313472,13.292626429542931
40.12012012012012,55.68644182188398,-0.6565615459773007
40.18018018018018,55.225236295483725,-3.370324206337158
40.24024024024024,55.70048028655923,14.200696483793305
40.3003003003003,55.923825605168076,-5.128206151921031
40.36036036036036,55.444950716749965,-4.317771808531077
40.42042042042042,55.4026970722613,2.1411903684306015
40.48048048048048,55.66605385182343,6.401766931019119
40.54054054054054,56.08389463819276,6.637039866392511
40.6006006006006,56.42981784943942,5.057941137712046
40.66066066066066,56.724904401065295,5.05875273823106
40.72072072072072,57.0670754351287,6.401490685604974
40.78078078078078,57.45086039386687,5.643684368114314
40.84084084084084,57.68488845293763,1.9303413744683544
40.9009009009009,57.6472179664734,-3.8446102619442346
40.96096096096096,57.18857207021458,-6.187900485450596
41.02102102102102,57.327597469756725,12.08823224698682
41.08108108108108,57.85563171284865,-1.9532847417133175
41.14114114114114,57.408166491460555,-0.8210707639125809
41.2012012012012,57.90772629184842,12.6569221479331
41.26126126126126,58.258644576607196,0.7037509508627042
41.32132132132132,58.069473389804315,-6.6224918934125085
41.38138138138138,57.668639760800815,-5.368985756241132
41.44144144144144,57.41680751563526,-3.3913294557927505
41.5015015015015,57.23384458779886,-2.811903425171057
41.56156156156156,57.07683043886149,-2.346485005424051
41.62162162162162,56.96925076050164,-1.0313819435717286
41.68168168168168,56.98157497198406,1.6933458203232543
41.74174174174174,57.20015335846254,5.5034938984738115
41.8018018018018,57.47681441955194,1.4191438107071854
41.86186186186186,57.306677041987385,-2.711468358463546
41.92192192192192,57.588691027764796,6.295040903062526
41.98198198198198,57.490925206205,0.9309381336406131
42.04204204204204,57.816937204623464,-0.9779141914615217
42.1021021021021,57.67686775809093,3.3119185579807024
42.16216216216216,58.02682991378836,3.8002060623100555
42.22222222222222,58.02943370802899,-2.76931131933892
42.28228228228228,57.8430743897226,-2.5317281331531345
42.34234234234234,57.75012334745614,-0.6964013323707751
42.4024024024024,57.73947716100586,0.1862415142972742
42.46246246246246,57.755279718298084,0.20941619555938876
42.52252252252252,57.74908821217998,-0.5548107210426927
42.58258258258258,57.66676549076171,-2.4539107985521142
42.64264264264264,57.40197362286713,-6.853897954570054
42.7027027027027,57.04335960992667,-1.981817888890188
42.76276276276276,57.29681349280876,11.774257811235957
42.82282282282282,57.74047824342709,-2.909063872995369
42.88288288288288,57.37628249848456,2.997827986937369
42.94294294294294,57.972065738848904,4.677626265404037
43.003003003003,57.70966093020606,-8.540770680430178
43.06306306306306,57.56442330752946,2.5061646552147243
43.12312312312312,57.92224349080856,8.272156686345726
43.18318318318318,58.34825747590359,5.413894590920604
43.24324324324324,58.606764323878544,3.545384396706069
43.3033033033033,58.80676820515433,3.3432234730207195
43.36336336336336,59.03133169777332,4.2765792254405195
43.42342342342342,59.322047445884124,5.1649496130659625
43.48348348348348,59.5853895737375,2.997503172690904
43.54354354354354,59.62697840586833,-2.105753184519329
43.6036036036036,59.31956858209538,-5.315313637486937
43.66366366366366,59.429718091445054,10.123422542022368
43.72372372372372,59.73335396466165,-6.30730208241357
43.78378378378378,59.642427589963575,10.958074399744763
43.84384384384384,59.92263542652995,-6.604557594146782
43.9039039039039,59.71782480911605,4.025744073200844
43.96396396396396,60.17571526299565,6.54097861354456
44.02402402402402,60.35262653576115,-0.04483174714617988
44.08408408408408,60.226016972046736,-3.7054059784172746
44.14414414414414,59.97676887870294,-4.113797394280546
44.2042042042042,59.74965684473158,-3.543930547445756
44.26426426426426,59.53097796848519,-3.925707788888562
44.32432432432432,59.26942239640101,-4.5669183729013625
44.38438438438438,59.05526378473575,-1.8796341512838317
44.44444444444444,59.104159790855334,4.015913124849579
44.5045045045045,59.559266607023254,8.147915909235246
44.56456456456456,59.58630894910289,-7.4631493072184485
44.62462462462462,59.62742747980951,10.173636773254291
44.68468468468468,59.67124650899078,-5.307517500363578
44.74474474474474,59.944801952435654,6.817479902193815
44.8048048048048,59.87435704339762,-4.9198871384885425
44.86486486486486,59.85227365484221,3.9149773179906284
44.92492492492492,60.17431535425687,5.018540395393966
44.98498498498498,60.373403130657806,1.7435207146771161
45.04504504504504,60.410069594284735,-0.326266615078608
45.1051051051051,60.3516753817181,-1.5107025173433761
45.16516516516516,60.23880541790308,-2.197488847262149
45.22522522522522,60.08844450347773,-2.8635938060812705
45.28528528528528,59.87722542313153,-4.461179570932305
45.34534534534534,59.478326553013375,-9.575699861413959
45.4054054054054,59.05610210385873,-2.215612022808827
45.46546546546546,59.21204557343847,8.299732121248242
45.525525525525524,59.968143738273604,6.198640442929781
45.585585585585584,59.754592020809774,-14.053402465638708
45.645645645645644,59.47030143241718,3.056853359756207
45.705705705705704,60.045120320711135,13.129409746364155
45.765765765765764,60.54433345244892,4.997813788555236
45.825825825825824,60.756911214746964,2.490105898429131
45.885885885885884,60.87432342721783,1.5930160100078974
45.945945945945944,60.96500504108054,1.5490691006064383
46.006006006006004,61.073173346531576,2.1729108892312747
46.066066066066064,61.23887476056212,3.3712294140468337
46.126126126126124,61.46378316121593,3.7570969171617246
46.186186186186184,61.624189270956904,0.9814941510250335
46.246246246246244,61.52861975962085,-4.012159809068066
46.306306306306304,61.42314015932684,3.388326493627677
46.366366366366364,61.77781535311532,0.9316304632547099
46.426426426426424,61.65466575258054,5.419574747152832
46.486486486486484,61.90582069330498,-5.0641531794408206
46.546546546546544,61.93584527230169,8.054233615490164
46.606606606606604,62.15357512439573,-2.2600494313477686
46.666666666666664,61.955895817378575,-1.6209791777422538
46.726726726726724,62.00635068510856,2.8053110506999888
46.786786786786784,62.22207358702252,3.7938493101300486
46.846846846846844,62.41870746477507,2.6524736285912995
46.906906906906904,62.545278112366034,1.6571008081369076
46.966966966966964,62.63027408840366,1.2824295710425
47.027027027027025,62.712393630691345,1.5670729490026805
47.087087087087085,62.83617568460008,2.7283697468269508
47.147147147147145,63.07564389235462,5.813157750231191
47.207207207207205,63.677440326307384,14.95447617054307
47.267267267267265,64.15254489263002,0.7605304279256018
47.327327327327325,63.68849080985419,-11.177394763124507
47.387387387387385,63.641185532829034,7.446249827471654
47.447447447447445,64.4120146040024,8.814938824646424
47.507507507507505,64.67007233888954,0.9863869034957042
47.567567567567565,64.5672561272165,-4.503468500865491
47.627627627627625,64.16095713962687,-7.770457677885451
47.687687687687685,63.758823457185585,-5.700346798029865
47.747747747747745,63.44093505073397,-5.0127530187040685
47.807807807807805,63.16060033686179,-4.221116907361497
47.867867867867865,62.94526097767812,-2.902662024642903
47.927927927927925,62.811687034500245,-1.5602908496809065
47.987987987987985,62.75574793173983,-0.3149079195930291
48.048048048048045,62.77428123620449,0.9526067018466904
48.108108108108105,62.87697021329726,2.5730189990997543
48.168168168168165,63.10866650674471,5.503524187995741
48.228228228228225,63.67775353234722,16.95808969511121
48.288288288288285,64.53602937196233,7.652095722121405
48.348348348348345,64.85438261301422,3.656978175226117
48.408408408408405,65.01962646762082,2.0526344530652825
48.468468468468465,65.11765164755569,1.308575750834586
48.528528528528525,65.18633181995716,1.0487999926074774
48.588588588588586,65.25133240234901,1.1859571300343368
48.648648648648646,65.33660754066295,1.7066715990447168
48.708708708708706,65.46137711813596,2.456813162952046
48.768768768768766,65.62325200264291,2.746486035930846
48.828828828828826,65.75451820824286,1.238821799396658
48.888888888888886,65.73057192569843,-2.223628802705403
48.948948948948946,65.58706881333947,-0.33431665589883774
49.009009009009006,65.83448393572118,6.053152439770668
49.069069069069066,65.8181765214161,-2.5813571909558357
49.129129129129126,66.07548969023932,2.1876000117437595
49.189189189189186,66.0116079205494,4.794472910346965
49.249249249249246,66.26939291095935,-1.302488356670878
49.309309309309306,66.1374001504144,0.30898551614697395
49.369369369369366,66.31911888815777,4.420374779124077
49.429429429429426,66.53152459887812,2.252738315374521
49.489489489489486,66.59414007920897,0.008802127000580584
49.549549549549546,66.55250851699944,-1.257804412284839
49.609609609609606,66.45547580232632,-1.917736615960973
49.669669669669666,66.32352134781743,-2.518928374513962
49.729729729729726,66.13718326972997,-3.932688882557086
49.789789789789786,65.79266744827201,-8.202564954182595
49.849849849849846,65.36345218561526,-3.147149643194652
49.909909909909906,65.46822202958292,7.322590098065955
49.969969969969966,66.18845733075585,6.6543760217228485
50.03003003003003,65.97244336467145,-13.68951399785177
50.09009009009009,65.79898712571075,6.42825519896909
50.15015015015015,66.48413226839185,7.449204373729469
50.21021021021021,66.61936039551293,-2.0545544926402357
50.27027027027027,66.29071807694211,-7.385851085739343
50.33033033033033,65.93775189254166,-4.323888096817171
50.39039039039039,65.72678666224655,-2.9693148959901072
50.45045045045045,65.56305951897572,-2.538047193416278
50.51051051051051,65.42537337256442,-1.9346568455221245
50.57057057057057,65.35170049126782,-0.2984873041918319
50.63063063063063,65.41835948705003,2.777421647530254
50.69069069069069,65.68560550424495,5.2836040637746855
50.75075075075075,65.83465153798936,-1.7990506244173192
50.81081081081081,65.69121803227266,2.594211842865419
50.87087087087087,66.00316412927741,-1.19629897282406
50.93093093093093,65.97330763225678,8.169491569343212
50.99099099099099,66.10208388838808,-4.806414631333908
51.05105105105105,66.18724375355832,6.85428925464481
51.11111111111111,66.4250098046515,-0.10004492283251576
51.17117117117117,66.28396871297453,-3.0576282041372194
51.23123123123123,66.16504970652473,-0.8132424325164171
51.291291291291294,66.16856284477242,0.7347175622580613
51.351351351351354,66.23254463870447,1.2499123676937498
51.411411411411414,66.30395238393588,1.031386005164775
51.471471471471475,66.34687132526336,0.3260227481114279
51.531531531531535,66.33342466608939,-0.8870819087616466
51.591591591591595,66.21656758032832,-3.364463809444879
51.651651651651655,65.82192272870424,-11.25963416685387
51.711711711711715,65.40605887848174,-0.35661207262590366
51.771771771771775,65.79165749102397,16.12774864743936
51.831831831831835,66.41826270316606,1.4965378635554978
51.891891891891895,66.00174421731057,-12.015727607684214
51.951951951951955,65.72086150481435,0.02798575112722279
52.012012012012015,65.90360798896508,6.011332493257168
52.072072072072075,66.4190372240714,9.67848600544297
52.132132132132135,66.91264755739606,6.83661917623734
52.192192192192195,67.29660973129998,6.304684644608886
52.252252252252255,67.69142844389057,6.794800698741723
52.312312312312315,68.08873708980458,6.250628546819855
52.372372372372375,68.4329959073999,5.203884497601965
52.432432432432435,68.7179864862555,4.36634795055052
52.492492492492495,68.97501387580495,4.40439925160698
52.552552552552555,69.28432446442,6.396764983692292
52.612612612612615,69.89585675445612,17.375256677880763
52.672672672672675,70.61065685394252,4.70731138256616
52.732732732732735,70.60728902498789,-5.57603332967422
52.792792792792795,69.94607515884786,-7.173639424906456
52.852852852852855,69.74323944860248,-0.9203986775571789
52.912912912912915,69.77472223050678,1.783707478205305
52.972972972972975,69.94875665103498,4.003186908572677
53.033033033033036,70.2579967360085,6.260289492123964
53.093093093093096,70.66475835578036,6.87003934272548
53.153153153153156,71.0476296159504,5.92086545962432
53.213213213213216,71.40752467579009,6.379544191141628
53.273273273273276,71.85381035175746,8.286193831928768
53.333333333333336,72.27456719561091,4.955435521973846
53.393393393393396,72.434029641901,0.19953639884971874
53.453453453453456,72.22233836569622,-8.879698624363037
53.513513513513516,71.7872582029575,0.3048913493426393
53.573573573573576,72.35983135250153,15.30786921694101
53.633633633633636,72.56159573362875,-7.198472320365132
53.693693693693696,72.06916310212162,-1.2269806854729373
53.753753753753756,72.34115789173696,10.305882454899802
53.813813813813816,72.96757405422454,7.440317814511543
53.873873873873876,73.29401980449165,4.150237749714861
53.933933933933936,73.51387402510676,3.415007507935509
53.993993993993996,73.72597661014103,3.7588388678288127
54.054054054054056,73.9689164413156,4.246486774723258
54.114114114114116,74.21272830748008,3.6209963649031915
54.174174174174176,74.37656606347981,1.6413503539479413
54.234234234234236,74.38356045277989,-1.7498826310875768
54.294294294294296,74.09844086508954,-7.8552945748855985
54.354354354354356,73.86266564676292,2.4489526843429092
54.414414414414416,74.41746453047999,8.299284112235771
54.474474474474476,74.22262881622439,-8.460542800509977
54.53453453453454,74.508601058347,13.357609466170139
54.5945945945946,74.65443403671004,-7.5046179338116845
54.65465465465466,74.31809291006167,-0.24502611503411575
54.71471471471472,74.55386621337564,7.391624941061532
54.77477477477478,75.00163017079424,6.050328216096922
54.83483483483484,75.27582277232635,3.4600928815681504
54.8948948948949,75.45336633157679,2.684347344255899
54.95495495495496,75.62218017625044,3.1255833418305325
55.01501501501502,75.85081556502114,4.609836390668389
55.07507507507508,76.16043592920961,5.132159525278476
55.13513513513514,76.37197951791967,1.2445207194219008
55.1951951951952,76.242012828925,-5.859174221095103
55.25525525525526,76.05453669284854,3.53494061841766
55.31531531531532,76.51843229882247,2.2713951334711737
55.37537537537538,76.27977243237366,2.562356766403515
55.43543543543544,76.720635591887,-0.4044427835901345
55.4954954954955,76.4502413594724,0.6741624904752617
55.55555555555556,76.83999094876626,7.705740695310689
55.61561561561562,77.05655178886023,0.028932057141800804
55.67567567567568,76.91401892511632,-4.068018477036709
55.73573573573574,76.66483562566853,-3.7258146719572833
55.7957957957958,76.47358007520351,-2.7988516488733017
55.85585585585586,76.30732878162043,-2.913902988530996
55.91591591591592,76.10854608607728,-3.7030123503749772
55.97597597597598,75.90086556334246,-2.584608022349082
56.03603603603604,75.87592255512449,2.3073993766788354
56.0960960960961,76.21493941296292,7.669432112275305
56.15615615615616,76.3561315659928,-4.81329458709563
56.21621621621622,76.25944192193636,8.29941973107983
56.27627627627628,76.50062364829326,-7.139401298172449
56.33633633633634,76.5732245249698,10.44643772837832
56.3963963963964,76.70632848638577,-5.737771913514846
56.45645645645646,76.53678704485708,2.039304442556049
56.51651651651652,76.84400722022302,6.262194611327316
56.57657657657658,77.1200958871653,2.809309920837923
56.63663663663664,77.20801705196884,0.35458259229751155
56.6966966966967,77.18366728336144,-1.0399045003534606
56.75675675675676,77.0949796564652,-1.840299461987582
56.81681681681682,76.96733198309195,-2.4119623095475284
56.87687687687688,76.7984627734027,-3.343695861420034
56.93693693693694,76.52998910386916,-6.219802095426607
56.996996996997,75.98783840427026,-8.724559807379258
57.05705705705706,75.80642869598341,1.82492806448063
57.11711711711712,76.29096430759976,17.404155305920305
57.17717717717718,76.86820388466859,0.7546716593345071
57.23723723723724,76.39929027303198,-11.000955030270953
57.2972972972973,76.18361646852857,1.2385469963869533
57.35735735735736,76.47616603047588,8.753595775458244
57.41741741741742,77.1020977575443,9.098271507408569
57.47747747747748,77.54210143185031,6.2594333201530175
57.53753753753754,77.90988657314624,6.225911630800296
57.5975975975976,78.2978614138208,6.598524599503742
57.65765765765766,78.6862585281139,6.2498310685617895
57.71771771771772,79.04138180889323,5.566197017469991
57.77777777777778,79.36079105931957,5.204176345142717
57.83783783783784,79.70104999092878,6.582373723750816
57.8978978978979,80.26844185771446,14.08195101081155
57.95795795795796,80.90820044358378,4.624515402587441
58.01801801801802,80.8640561002502,-7.601105735444091
58.07807807807808,80.27010321330127,-2.5187903810705428
58.13813813813814,80.4829758561587,10.219686306041346
58.1981981981982,81.28190964145143,9.062049830766359
58.25825825825826,81.6543483555422,4.4886250810765835
58.31831831831832,81.87977909791503,3.3069393895425554
58.37837837837838,82.07541664873604,3.343140222492336
58.43843843843844,82.29038359136042,3.831165699234415
58.4984984984985,82.53054946448574,4.06266905179204
58.55855855855856,82.76296475830041,3.5532735904327195
58.61861861861862,82.94541999351695,2.4429131607206926
58.67867867867868,83.04723632585439,0.8632526518620791
58.73873873873874,83.0343061091016,-1.5223539553961922
58.7987987987988,82.79739215578024,-7.65829333396427
58.85885885885886,82.22744711638393,-3.994657518089322
58.91891891891892,82.38327917320802,10.052173098192315
58.97897897897898,83.16855863602747,5.724406344265006
59.03903903903904,83.10187669939933,-9.003004787469756
59.0990990990991,82.53567054414908,-4.425166783296396
59.15915915915916,82.43306236613509,0.3185518013114865
59.21921921921922,82.53889120969983,3.088771804484587
59.27927927927928,82.79785153054527,5.463230560247396
59.33933933933934,83.16595404095145,6.405284278809744
59.3993993993994,83.52507621084635,5.507291196791021
59.45945945945946,83.84669737910386,5.469661717658208
59.51951951951952,84.22693071465416,7.587180910679482
59.57957957957958,84.70682567621822,7.000380196327882
59.63963963963964,84.97367744332925,1.7671718581008753
59.6996996996997,84.87396198172203,-6.265999425743266
59.75975975975976,84.37752822933142,-2.225734592557464
59.81981981981982,84.81084854096439,16.925450588614485
59.87987987987988,85.14002095692142,-5.455063192309239
59.93993993993994,84.64555230928022,-1.6515567602557462
60.0,84.91883172645404,10.699791174627729
